,buying,maint,doors,persons,lug_boot,safety,class,color
0,vhigh,vhigh,2,2,small,low,unacc,0
1,vhigh,vhigh,2,2,small,med,unacc,3
2,vhigh,vhigh,2,2,small,high,unacc,3
3,vhigh,vhigh,2,2,med,low,unacc,0
4,vhigh,vhigh,2,2,med,med,unacc,1
5,vhigh,vhigh,2,2,med,high,unacc,0
6,vhigh,vhigh,2,2,big,low,unacc,2
7,vhigh,vhigh,2,2,big,med,unacc,1
8,vhigh,vhigh,2,2,big,high,unacc,3
9,vhigh,vhigh,2,4,small,low,unacc,3
10,vhigh,vhigh,2,4,small,med,unacc,0
11,vhigh,vhigh,2,4,small,high,unacc,3
12,vhigh,vhigh,2,4,med,low,unacc,1
13,vhigh,vhigh,2,4,med,med,unacc,3
14,vhigh,vhigh,2,4,med,high,unacc,2
15,vhigh,vhigh,2,4,big,low,unacc,3
16,vhigh,vhigh,2,4,big,med,unacc,0
17,vhigh,vhigh,2,4,big,high,unacc,1
18,vhigh,vhigh,2,more,small,low,unacc,0
19,vhigh,vhigh,2,more,small,med,unacc,2
20,vhigh,vhigh,2,more,small,high,unacc,0
21,vhigh,vhigh,2,more,med,low,unacc,3
22,vhigh,vhigh,2,more,med,med,unacc,0
23,vhigh,vhigh,2,more,med,high,unacc,1
24,vhigh,vhigh,2,more,big,low,unacc,2
25,vhigh,vhigh,2,more,big,med,unacc,3
26,vhigh,vhigh,2,more,big,high,unacc,3
27,vhigh,vhigh,3,2,small,low,unacc,3
28,vhigh,vhigh,3,2,small,med,unacc,1
29,vhigh,vhigh,3,2,small,high,unacc,2
30,vhigh,vhigh,3,2,med,low,unacc,0
31,vhigh,vhigh,3,2,med,med,unacc,2
32,vhigh,vhigh,3,2,med,high,unacc,0
33,vhigh,vhigh,3,2,big,low,unacc,2
34,vhigh,vhigh,3,2,big,med,unacc,1
35,vhigh,vhigh,3,2,big,high,unacc,2
36,vhigh,vhigh,3,4,small,low,unacc,3
37,vhigh,vhigh,3,4,small,med,unacc,0
38,vhigh,vhigh,3,4,small,high,unacc,2
39,vhigh,vhigh,3,4,med,low,unacc,1
40,vhigh,vhigh,3,4,med,med,unacc,3
41,vhigh,vhigh,3,4,med,high,unacc,0
42,vhigh,vhigh,3,4,big,low,unacc,0
43,vhigh,vhigh,3,4,big,med,unacc,0
44,vhigh,vhigh,3,4,big,high,unacc,3
45,vhigh,vhigh,3,more,small,low,unacc,3
46,vhigh,vhigh,3,more,small,med,unacc,3
47,vhigh,vhigh,3,more,small,high,unacc,3
48,vhigh,vhigh,3,more,med,low,unacc,1
49,vhigh,vhigh,3,more,med,med,unacc,2
50,vhigh,vhigh,3,more,med,high,unacc,2
51,vhigh,vhigh,3,more,big,low,unacc,0
52,vhigh,vhigh,3,more,big,med,unacc,0
53,vhigh,vhigh,3,more,big,high,unacc,3
54,vhigh,vhigh,4,2,small,low,unacc,3
55,vhigh,vhigh,4,2,small,med,unacc,2
56,vhigh,vhigh,4,2,small,high,unacc,0
57,vhigh,vhigh,4,2,med,low,unacc,3
58,vhigh,vhigh,4,2,med,med,unacc,3
59,vhigh,vhigh,4,2,med,high,unacc,1
60,vhigh,vhigh,4,2,big,low,unacc,0
61,vhigh,vhigh,4,2,big,med,unacc,1
62,vhigh,vhigh,4,2,big,high,unacc,1
63,vhigh,vhigh,4,4,small,low,unacc,0
64,vhigh,vhigh,4,4,small,med,unacc,1
65,vhigh,vhigh,4,4,small,high,unacc,1
66,vhigh,vhigh,4,4,med,low,unacc,1
67,vhigh,vhigh,4,4,med,med,unacc,1
68,vhigh,vhigh,4,4,med,high,unacc,2
69,vhigh,vhigh,4,4,big,low,unacc,0
70,vhigh,vhigh,4,4,big,med,unacc,2
71,vhigh,vhigh,4,4,big,high,unacc,3
72,vhigh,vhigh,4,more,small,low,unacc,0
73,vhigh,vhigh,4,more,small,med,unacc,3
74,vhigh,vhigh,4,more,small,high,unacc,0
75,vhigh,vhigh,4,more,med,low,unacc,3
76,vhigh,vhigh,4,more,med,med,unacc,0
77,vhigh,vhigh,4,more,med,high,unacc,3
78,vhigh,vhigh,4,more,big,low,unacc,3
79,vhigh,vhigh,4,more,big,med,unacc,2
80,vhigh,vhigh,4,more,big,high,unacc,2
81,vhigh,vhigh,5more,2,small,low,unacc,0
82,vhigh,vhigh,5more,2,small,med,unacc,2
83,vhigh,vhigh,5more,2,small,high,unacc,0
84,vhigh,vhigh,5more,2,med,low,unacc,1
85,vhigh,vhigh,5more,2,med,med,unacc,3
86,vhigh,vhigh,5more,2,med,high,unacc,0
87,vhigh,vhigh,5more,2,big,low,unacc,3
88,vhigh,vhigh,5more,2,big,med,unacc,0
89,vhigh,vhigh,5more,2,big,high,unacc,0
90,vhigh,vhigh,5more,4,small,low,unacc,2
91,vhigh,vhigh,5more,4,small,med,unacc,2
92,vhigh,vhigh,5more,4,small,high,unacc,2
93,vhigh,vhigh,5more,4,med,low,unacc,0
94,vhigh,vhigh,5more,4,med,med,unacc,1
95,vhigh,vhigh,5more,4,med,high,unacc,2
96,vhigh,vhigh,5more,4,big,low,unacc,1
97,vhigh,vhigh,5more,4,big,med,unacc,0
98,vhigh,vhigh,5more,4,big,high,unacc,1
99,vhigh,vhigh,5more,more,small,low,unacc,2
100,vhigh,vhigh,5more,more,small,med,unacc,1
101,vhigh,vhigh,5more,more,small,high,unacc,1
102,vhigh,vhigh,5more,more,med,low,unacc,1
103,vhigh,vhigh,5more,more,med,med,unacc,0
104,vhigh,vhigh,5more,more,med,high,unacc,3
105,vhigh,vhigh,5more,more,big,low,unacc,2
106,vhigh,vhigh,5more,more,big,med,unacc,0
107,vhigh,vhigh,5more,more,big,high,unacc,0
108,vhigh,high,2,,small,low,unacc,3
109,vhigh,high,2,2,small,med,unacc,3
110,vhigh,high,2,2,small,high,unacc,0
111,vhigh,high,2,2,med,low,unacc,1
112,vhigh,high,2,2,med,med,unacc,2
113,vhigh,high,2,2,med,high,unacc,0
114,vhigh,high,2,2,big,low,unacc,3
115,vhigh,high,2,2,big,med,unacc,3
116,vhigh,high,2,2,big,high,unacc,0
117,vhigh,high,2,4,small,low,unacc,3
118,vhigh,high,2,4,small,med,unacc,1
119,vhigh,high,2,4,small,high,unacc,2
120,vhigh,high,2,4,med,low,unacc,0
121,vhigh,high,2,4,med,med,unacc,1
122,vhigh,high,2,4,med,high,unacc,3
123,vhigh,high,2,4,big,low,unacc,2
124,vhigh,high,2,4,big,med,unacc,0
125,vhigh,high,2,4,big,high,unacc,0
126,vhigh,high,2,more,small,low,unacc,2
127,vhigh,high,2,more,small,med,unacc,2
128,vhigh,high,2,more,small,high,unacc,3
129,vhigh,high,2,more,med,low,unacc,3
130,vhigh,high,2,more,med,med,unacc,1
131,vhigh,high,2,more,med,high,unacc,1
132,vhigh,high,2,more,big,low,unacc,2
133,vhigh,high,2,more,big,med,unacc,0
134,vhigh,high,2,more,big,high,unacc,1
135,vhigh,high,3,2,small,low,unacc,2
136,vhigh,high,3,2,small,med,unacc,3
137,vhigh,high,3,2,small,high,unacc,2
138,vhigh,high,3,2,med,low,unacc,2
139,vhigh,high,3,2,med,med,unacc,1
140,vhigh,high,3,2,med,high,unacc,0
141,vhigh,high,3,2,big,low,unacc,1
142,vhigh,high,3,2,big,med,unacc,2
143,vhigh,high,3,2,big,high,unacc,1
144,vhigh,high,3,4,small,low,unacc,2
145,vhigh,high,3,4,small,med,unacc,3
146,vhigh,high,3,4,small,high,unacc,1
147,vhigh,high,3,4,med,low,unacc,1
148,vhigh,high,3,4,med,med,unacc,3
149,vhigh,high,3,4,med,high,unacc,0
150,vhigh,high,3,4,big,low,unacc,0
151,vhigh,high,3,4,big,med,unacc,1
152,vhigh,high,3,4,big,high,unacc,0
153,vhigh,high,3,more,small,low,unacc,3
154,vhigh,high,3,more,small,med,unacc,2
155,vhigh,high,3,more,small,high,unacc,3
156,vhigh,high,3,more,med,low,unacc,3
157,vhigh,high,3,more,med,med,unacc,2
158,vhigh,high,3,more,med,high,unacc,3
159,vhigh,high,3,more,big,low,unacc,2
160,vhigh,high,3,more,big,med,unacc,0
161,vhigh,high,3,more,big,high,unacc,1
162,vhigh,high,4,2,small,low,unacc,3
163,vhigh,high,4,2,small,med,,0
164,vhigh,high,4,2,small,high,unacc,2
165,vhigh,high,4,2,med,low,unacc,3
166,vhigh,high,4,2,med,med,unacc,2
167,vhigh,high,4,2,med,high,unacc,3
168,,high,4,,big,low,unacc,2
169,vhigh,high,4,2,big,med,unacc,3
170,vhigh,high,4,2,big,high,unacc,2
171,vhigh,high,4,4,small,low,unacc,2
172,vhigh,high,4,4,small,med,unacc,3
173,vhigh,high,4,4,small,high,unacc,3
174,vhigh,high,4,4,med,low,unacc,2
175,vhigh,high,4,4,med,med,unacc,1
176,vhigh,high,4,4,med,high,unacc,1
177,vhigh,high,4,4,big,low,unacc,1
178,vhigh,high,4,4,big,med,unacc,1
179,vhigh,high,4,4,big,high,unacc,1
180,vhigh,high,4,more,small,low,unacc,1
181,vhigh,high,4,more,small,med,unacc,2
182,vhigh,high,4,more,small,high,unacc,2
183,vhigh,high,4,more,med,low,unacc,1
184,vhigh,high,4,more,med,med,unacc,1
185,vhigh,high,4,more,med,high,unacc,1
186,vhigh,high,4,more,big,low,unacc,0
187,vhigh,high,4,more,big,med,unacc,0
188,vhigh,high,4,more,big,high,unacc,2
189,vhigh,high,5more,2,small,low,unacc,2
190,vhigh,high,5more,2,small,med,unacc,1
191,vhigh,high,5more,2,small,high,unacc,3
192,vhigh,high,5more,2,med,low,unacc,1
193,vhigh,high,5more,2,med,med,unacc,2
194,vhigh,high,5more,2,med,high,unacc,0
195,vhigh,high,5more,2,big,low,unacc,1
196,vhigh,high,5more,2,big,med,unacc,1
197,vhigh,high,5more,2,big,high,unacc,2
198,vhigh,high,5more,4,small,low,unacc,0
199,vhigh,high,5more,4,small,med,unacc,1
200,vhigh,high,5more,4,small,high,unacc,2
201,vhigh,high,5more,4,med,low,unacc,3
202,vhigh,high,5more,4,med,med,unacc,3
203,vhigh,high,5more,4,med,high,unacc,3
204,vhigh,high,5more,4,big,low,unacc,1
205,vhigh,high,5more,4,big,med,unacc,0
206,vhigh,high,5more,4,big,high,unacc,2
207,vhigh,high,5more,more,small,low,unacc,3
208,vhigh,high,5more,more,small,med,unacc,3
209,vhigh,high,5more,more,small,high,unacc,2
210,vhigh,high,5more,more,med,low,unacc,3
211,vhigh,high,5more,more,med,med,unacc,1
212,vhigh,high,5more,more,med,high,unacc,1
213,vhigh,high,5more,more,big,low,unacc,3
214,vhigh,high,5more,more,big,med,unacc,2
215,vhigh,high,5more,more,big,high,unacc,0
216,vhigh,med,2,2,small,low,unacc,3
217,vhigh,med,2,2,small,med,unacc,0
218,vhigh,med,2,2,small,high,unacc,3
219,vhigh,med,2,2,med,low,unacc,0
220,vhigh,med,2,2,med,med,unacc,0
221,vhigh,med,2,2,med,high,unacc,0
222,vhigh,med,2,2,big,low,unacc,1
223,vhigh,med,2,2,big,med,unacc,2
224,vhigh,med,2,2,big,high,unacc,0
225,vhigh,med,2,4,small,low,unacc,3
226,vhigh,med,2,4,small,med,unacc,2
227,vhigh,med,2,4,small,high,acc,2
228,vhigh,med,2,4,med,low,unacc,0
229,vhigh,med,2,4,med,med,unacc,3
230,vhigh,med,2,4,med,high,acc,2
231,vhigh,med,2,4,big,low,unacc,0
232,vhigh,med,2,4,big,med,acc,2
233,vhigh,med,2,4,big,high,acc,3
234,vhigh,med,2,more,small,low,unacc,1
235,vhigh,med,2,more,small,med,unacc,2
236,vhigh,med,2,more,small,high,unacc,2
237,vhigh,med,2,more,med,low,unacc,1
238,vhigh,med,2,more,med,med,unacc,0
239,vhigh,med,2,more,med,high,acc,3
240,vhigh,med,2,more,big,low,unacc,1
241,vhigh,med,2,more,big,med,acc,3
242,vhigh,,2,more,big,high,acc,0
243,vhigh,med,3,2,small,low,unacc,2
244,vhigh,med,3,2,small,med,unacc,2
245,vhigh,med,3,2,small,high,unacc,0
246,vhigh,med,3,2,med,low,unacc,0
247,vhigh,med,3,2,med,med,unacc,3
248,vhigh,med,3,2,med,high,unacc,0
249,vhigh,med,3,2,big,low,unacc,1
250,vhigh,med,3,2,big,med,unacc,0
251,vhigh,med,3,2,big,high,unacc,0
252,vhigh,med,3,4,small,low,unacc,2
253,vhigh,med,3,4,small,med,unacc,0
254,vhigh,med,3,4,small,high,acc,0
255,vhigh,med,3,4,med,low,unacc,1
256,vhigh,med,3,4,med,med,unacc,1
257,vhigh,med,3,4,med,high,acc,0
258,vhigh,med,3,4,big,low,unacc,1
259,vhigh,med,3,4,big,med,acc,0
260,vhigh,med,3,4,big,high,acc,0
261,vhigh,med,3,more,small,low,unacc,0
262,vhigh,med,3,more,small,med,unacc,1
263,vhigh,med,3,more,small,high,acc,3
264,vhigh,med,3,more,med,low,unacc,3
265,vhigh,med,3,more,med,med,acc,2
266,vhigh,med,3,more,med,high,acc,2
267,vhigh,med,3,more,big,low,unacc,2
268,vhigh,med,3,more,big,med,acc,1
269,vhigh,med,3,more,big,high,acc,3
270,vhigh,med,4,2,small,low,unacc,2
271,vhigh,med,4,2,small,med,unacc,1
272,vhigh,med,4,2,small,high,unacc,2
273,vhigh,med,4,2,med,low,unacc,0
274,vhigh,med,4,2,med,med,unacc,2
275,vhigh,med,4,2,med,high,unacc,0
276,vhigh,med,4,2,big,low,unacc,3
277,vhigh,med,4,2,big,med,unacc,2
278,vhigh,med,4,2,big,high,unacc,2
279,vhigh,med,4,4,small,low,unacc,1
280,vhigh,med,4,4,small,med,unacc,0
281,vhigh,med,4,4,small,high,acc,3
282,vhigh,med,4,4,med,low,unacc,1
283,vhigh,med,4,4,med,med,acc,2
284,vhigh,med,4,4,med,high,acc,1
285,vhigh,med,4,4,big,low,unacc,3
286,vhigh,med,4,4,big,med,acc,0
287,vhigh,med,4,4,big,high,acc,0
288,vhigh,med,4,more,small,low,unacc,1
289,vhigh,med,4,more,small,med,unacc,0
290,vhigh,med,4,more,small,high,acc,3
291,vhigh,med,4,more,med,low,unacc,3
292,vhigh,med,4,more,med,med,acc,0
293,vhigh,med,4,more,med,high,acc,2
294,vhigh,med,4,more,big,low,unacc,2
295,vhigh,med,4,more,big,med,acc,0
296,vhigh,med,4,more,big,high,acc,2
297,vhigh,med,5more,2,small,low,unacc,1
298,vhigh,med,5more,2,small,med,unacc,0
299,vhigh,med,5more,2,small,high,unacc,1
300,vhigh,med,5more,2,med,low,unacc,0
301,vhigh,med,5more,2,med,med,unacc,1
302,vhigh,med,5more,2,med,high,unacc,1
303,vhigh,med,5more,,big,low,unacc,1
304,vhigh,med,5more,2,big,med,unacc,1
305,vhigh,med,5more,2,big,high,unacc,3
306,vhigh,med,5more,4,small,low,unacc,2
307,vhigh,med,5more,4,small,med,unacc,0
308,vhigh,med,5more,4,small,high,acc,0
309,vhigh,med,5more,4,med,low,unacc,0
310,vhigh,med,5more,4,med,med,acc,0
311,vhigh,med,5more,4,med,high,acc,2
312,vhigh,med,5more,4,big,low,unacc,2
313,vhigh,med,5more,4,big,med,acc,0
314,vhigh,med,5more,4,big,high,acc,0
315,vhigh,med,5more,more,small,low,unacc,2
316,vhigh,med,5more,more,small,med,unacc,1
317,vhigh,med,5more,more,small,high,acc,1
318,vhigh,med,5more,more,med,low,unacc,2
319,vhigh,med,5more,more,med,med,acc,0
320,vhigh,med,5more,more,med,high,acc,1
321,vhigh,med,5more,more,big,low,unacc,0
322,vhigh,med,5more,more,big,med,acc,3
323,vhigh,med,5more,more,big,high,acc,3
324,vhigh,low,2,2,small,low,unacc,2
325,vhigh,low,2,2,small,med,unacc,1
326,vhigh,low,2,2,small,high,unacc,2
327,vhigh,low,2,2,med,low,unacc,0
328,vhigh,low,2,2,med,med,unacc,3
329,vhigh,low,2,2,med,high,unacc,3
330,vhigh,low,2,2,big,low,unacc,1
331,vhigh,low,2,2,big,med,unacc,2
332,vhigh,,2,2,big,high,unacc,1
333,vhigh,low,2,4,small,low,unacc,2
334,vhigh,low,2,4,small,med,unacc,1
335,vhigh,low,2,4,small,high,acc,1
336,vhigh,low,2,4,med,low,unacc,3
337,vhigh,low,2,4,med,med,unacc,3
338,vhigh,low,2,4,med,high,acc,1
339,vhigh,low,2,4,big,low,unacc,0
340,vhigh,low,2,4,big,med,acc,1
341,vhigh,low,2,4,big,high,acc,3
342,vhigh,low,2,more,small,low,unacc,0
343,vhigh,low,2,more,small,med,unacc,3
344,vhigh,low,2,more,small,high,unacc,3
345,vhigh,low,2,more,med,low,unacc,1
346,vhigh,low,2,more,med,med,unacc,2
347,vhigh,low,2,more,med,high,acc,2
348,vhigh,low,2,more,big,low,unacc,1
349,vhigh,low,2,more,big,med,acc,1
350,vhigh,low,2,more,big,high,acc,3
351,vhigh,low,3,2,small,low,unacc,0
352,vhigh,low,3,2,small,med,unacc,1
353,vhigh,low,3,2,small,high,unacc,0
354,vhigh,low,3,2,med,low,unacc,1
355,vhigh,low,3,2,med,med,unacc,2
356,vhigh,low,3,2,med,high,unacc,1
357,vhigh,low,3,2,big,low,unacc,3
358,vhigh,low,3,2,big,med,unacc,2
359,vhigh,low,3,2,big,high,unacc,0
360,vhigh,low,3,4,small,low,unacc,3
361,vhigh,low,3,4,small,med,unacc,1
362,vhigh,low,3,4,small,high,acc,1
363,vhigh,low,3,4,med,low,unacc,3
364,vhigh,low,3,4,med,med,unacc,2
365,vhigh,low,3,4,med,high,acc,2
366,vhigh,low,3,4,big,low,unacc,0
367,vhigh,low,3,4,big,med,acc,2
368,vhigh,low,3,4,big,high,acc,2
369,vhigh,low,3,more,small,low,unacc,1
370,vhigh,low,3,more,small,med,unacc,1
371,vhigh,low,3,more,small,high,acc,0
372,vhigh,low,3,more,med,low,unacc,0
373,vhigh,low,3,more,med,med,acc,3
374,vhigh,low,3,more,med,high,acc,3
375,vhigh,low,3,more,big,low,unacc,1
376,vhigh,low,3,more,big,med,acc,2
377,vhigh,low,3,more,big,high,acc,2
378,vhigh,low,4,2,small,low,unacc,2
379,vhigh,low,4,2,small,med,unacc,1
380,vhigh,low,4,2,small,high,unacc,1
381,vhigh,low,4,2,med,low,unacc,2
382,vhigh,low,4,2,med,med,unacc,1
383,vhigh,low,4,2,med,high,unacc,0
384,vhigh,low,4,2,big,low,unacc,3
385,vhigh,low,4,2,big,med,unacc,0
386,vhigh,low,4,2,big,high,unacc,2
387,vhigh,low,4,4,small,low,unacc,2
388,vhigh,low,4,4,small,med,unacc,1
389,vhigh,low,4,4,small,high,acc,1
390,vhigh,low,4,4,med,low,unacc,0
391,vhigh,low,4,4,med,med,acc,1
392,vhigh,low,4,4,med,high,acc,2
393,vhigh,low,4,4,big,low,unacc,1
394,vhigh,low,4,4,big,med,acc,2
395,vhigh,low,4,4,big,high,acc,0
396,vhigh,low,4,more,small,low,unacc,3
397,vhigh,low,4,more,small,med,unacc,2
398,vhigh,low,4,more,small,high,acc,1
399,vhigh,low,4,more,med,low,unacc,0
400,vhigh,low,4,more,med,med,acc,2
401,vhigh,low,4,more,med,high,acc,1
402,vhigh,low,4,more,big,low,unacc,1
403,vhigh,low,4,more,big,med,acc,2
404,vhigh,low,4,more,big,high,acc,3
405,vhigh,low,5more,2,small,low,unacc,3
406,vhigh,low,5more,2,small,med,unacc,0
407,vhigh,low,5more,2,small,high,unacc,1
408,vhigh,low,5more,2,med,low,unacc,2
409,vhigh,low,5more,2,med,med,unacc,0
410,vhigh,low,5more,2,med,high,unacc,0
411,vhigh,low,5more,2,big,low,unacc,1
412,vhigh,low,5more,2,big,med,unacc,0
413,vhigh,low,5more,2,big,high,unacc,2
414,vhigh,low,5more,4,small,low,unacc,2
415,vhigh,low,5more,4,small,med,unacc,3
416,vhigh,low,5more,4,small,high,acc,3
417,vhigh,low,5more,4,med,low,unacc,2
418,vhigh,low,5more,4,med,med,acc,1
419,vhigh,low,5more,4,med,high,acc,0
420,vhigh,low,5more,4,big,low,unacc,2
421,vhigh,low,5more,4,big,med,acc,1
422,vhigh,low,5more,4,big,high,acc,1
423,vhigh,low,5more,more,small,low,unacc,3
424,vhigh,low,5more,more,small,med,unacc,0
425,vhigh,low,5more,more,small,high,acc,0
426,vhigh,low,5more,more,med,low,unacc,3
427,vhigh,low,5more,more,med,med,acc,0
428,vhigh,low,5more,more,med,high,acc,2
429,vhigh,low,5more,more,big,low,unacc,2
430,vhigh,low,5more,more,big,med,acc,0
431,vhigh,low,5more,more,big,high,acc,3
432,high,vhigh,2,2,small,low,unacc,2
433,high,vhigh,2,2,small,med,unacc,0
434,high,vhigh,2,2,small,high,unacc,2
435,high,vhigh,2,2,med,low,unacc,1
436,high,vhigh,2,2,med,med,unacc,0
437,high,vhigh,2,2,med,high,unacc,3
438,high,vhigh,2,2,big,low,unacc,0
439,high,vhigh,2,2,big,med,unacc,1
440,high,vhigh,2,2,big,high,unacc,0
441,high,vhigh,2,4,small,low,unacc,2
442,high,vhigh,2,4,small,med,unacc,1
443,high,vhigh,2,4,small,high,unacc,0
444,high,vhigh,2,4,med,low,unacc,2
445,high,vhigh,2,4,med,med,unacc,3
446,high,vhigh,2,4,med,high,unacc,1
447,high,vhigh,2,4,big,low,unacc,2
448,high,vhigh,2,4,big,med,unacc,3
449,high,vhigh,2,4,big,high,unacc,2
450,high,vhigh,2,more,small,low,unacc,3
451,high,vhigh,2,more,small,med,unacc,0
452,high,vhigh,2,more,small,high,unacc,1
453,high,vhigh,2,more,med,low,unacc,1
454,high,vhigh,2,more,med,med,unacc,3
455,high,vhigh,2,more,med,high,unacc,3
456,high,vhigh,2,more,big,low,unacc,3
457,high,vhigh,2,more,big,med,unacc,0
458,high,vhigh,2,more,big,high,unacc,2
459,high,vhigh,3,2,small,low,unacc,2
460,high,vhigh,3,2,small,med,unacc,3
461,high,vhigh,3,2,small,high,unacc,3
462,high,vhigh,3,2,med,low,unacc,3
463,high,vhigh,3,2,med,med,unacc,0
464,high,vhigh,3,2,med,high,unacc,3
465,high,vhigh,3,2,big,low,unacc,3
466,high,vhigh,3,2,big,med,unacc,0
467,high,vhigh,3,2,big,high,unacc,3
468,high,vhigh,3,4,small,low,unacc,0
469,high,vhigh,3,4,small,med,unacc,3
470,high,vhigh,3,4,small,high,unacc,1
471,high,vhigh,3,4,med,low,unacc,2
472,high,vhigh,3,4,med,med,unacc,1
473,high,vhigh,3,4,med,high,unacc,2
474,high,vhigh,3,4,big,low,unacc,2
475,high,vhigh,3,4,big,med,unacc,3
476,high,vhigh,3,4,big,high,unacc,0
477,high,vhigh,3,more,small,low,unacc,1
478,high,vhigh,3,more,small,med,unacc,3
479,high,vhigh,3,more,small,high,unacc,1
480,high,vhigh,3,more,med,low,unacc,0
481,high,vhigh,3,more,med,med,unacc,3
482,high,vhigh,3,more,med,high,unacc,2
483,high,vhigh,3,more,big,low,unacc,2
484,high,vhigh,3,more,big,med,unacc,1
485,high,vhigh,3,more,big,high,unacc,0
486,high,vhigh,4,2,small,low,unacc,3
487,high,vhigh,4,2,small,med,unacc,0
488,high,vhigh,4,2,small,high,unacc,3
489,high,vhigh,4,2,med,low,unacc,2
490,high,vhigh,4,2,med,med,unacc,3
491,high,vhigh,4,2,med,high,unacc,2
492,high,vhigh,4,2,big,low,unacc,1
493,high,vhigh,4,2,big,med,unacc,0
494,high,vhigh,4,2,big,high,unacc,0
495,high,vhigh,4,4,small,low,unacc,1
496,high,vhigh,4,4,small,med,unacc,2
497,high,vhigh,4,4,small,high,unacc,0
498,high,vhigh,4,4,med,low,unacc,1
499,high,vhigh,4,4,med,med,unacc,2
500,high,vhigh,4,4,med,high,unacc,2
501,high,vhigh,4,4,big,low,unacc,1
502,high,vhigh,4,4,big,med,unacc,0
503,high,vhigh,4,4,big,high,unacc,0
504,high,vhigh,4,more,small,low,unacc,3
505,high,vhigh,4,more,small,med,unacc,1
506,high,vhigh,4,more,small,high,unacc,2
507,high,vhigh,4,more,med,low,unacc,2
508,high,vhigh,4,more,med,med,unacc,2
509,high,vhigh,4,more,med,high,unacc,2
510,high,vhigh,4,more,big,low,unacc,2
511,high,vhigh,4,more,big,med,unacc,2
512,high,vhigh,4,more,big,high,unacc,1
513,high,vhigh,5more,2,small,low,unacc,3
514,high,vhigh,5more,2,small,med,unacc,2
515,high,vhigh,5more,2,small,high,unacc,3
516,high,vhigh,5more,2,med,low,unacc,2
517,high,vhigh,5more,2,med,med,unacc,0
518,high,vhigh,5more,2,med,high,unacc,1
519,high,vhigh,5more,2,big,low,unacc,1
520,high,vhigh,5more,2,big,med,unacc,1
521,high,vhigh,5more,2,big,high,unacc,3
522,high,vhigh,5more,4,small,low,unacc,3
523,high,vhigh,5more,4,small,med,unacc,1
524,high,vhigh,5more,4,small,high,unacc,2
525,high,vhigh,5more,4,med,low,unacc,1
526,high,vhigh,5more,4,med,med,unacc,1
527,high,vhigh,5more,4,med,high,unacc,2
528,high,vhigh,5more,4,big,low,unacc,2
529,high,vhigh,5more,4,big,med,unacc,3
530,high,vhigh,5more,4,big,high,unacc,2
531,high,vhigh,5more,more,small,low,unacc,3
532,high,vhigh,5more,more,small,med,unacc,3
533,high,vhigh,5more,more,small,high,unacc,3
534,high,vhigh,5more,more,med,low,unacc,0
535,high,vhigh,5more,more,med,med,unacc,1
536,high,vhigh,5more,more,med,high,unacc,3
537,high,vhigh,5more,more,big,low,unacc,2
538,high,vhigh,5more,more,big,med,unacc,2
539,high,vhigh,5more,more,big,high,unacc,2
540,high,high,2,2,small,low,unacc,3
541,high,high,2,2,small,med,unacc,3
542,high,high,2,2,small,high,unacc,3
543,high,high,2,2,med,low,unacc,1
544,high,high,2,2,med,med,unacc,0
545,high,high,2,2,med,high,unacc,1
546,high,high,2,2,big,low,unacc,2
547,high,high,2,2,big,med,unacc,3
548,high,high,2,2,big,high,unacc,1
549,high,high,2,4,small,low,unacc,3
550,high,high,2,4,small,med,unacc,1
551,high,high,2,4,small,high,acc,0
552,high,high,2,4,med,low,unacc,3
553,high,high,2,4,med,med,unacc,0
554,high,high,2,4,med,high,acc,0
555,high,high,2,4,big,low,unacc,3
556,high,high,2,4,big,med,acc,0
557,high,high,2,4,big,high,acc,2
558,high,high,2,more,small,low,unacc,3
559,high,high,2,more,small,med,unacc,1
560,high,high,2,more,small,high,unacc,1
561,high,high,2,more,med,low,unacc,2
562,high,high,2,more,med,med,unacc,2
563,high,high,2,more,med,high,acc,0
564,high,high,2,more,big,low,unacc,3
565,high,high,2,more,big,med,acc,2
566,high,high,2,more,big,high,acc,0
567,high,high,3,2,small,low,unacc,2
568,high,high,3,2,small,med,unacc,3
569,high,high,3,2,small,high,unacc,0
570,high,high,3,2,med,low,unacc,1
571,high,high,3,2,med,med,unacc,3
572,high,high,3,2,med,high,unacc,0
573,high,high,3,2,big,low,unacc,2
574,high,high,3,2,big,med,unacc,0
575,high,high,3,2,big,high,unacc,3
576,high,high,3,4,small,low,unacc,3
577,high,high,3,4,small,med,unacc,1
578,high,high,3,4,small,high,acc,0
579,high,high,3,4,med,low,unacc,3
580,high,high,3,4,med,med,unacc,3
581,high,high,3,4,med,high,acc,1
582,high,high,3,4,big,low,unacc,1
583,high,high,3,4,big,med,acc,1
584,high,high,3,4,big,high,acc,2
585,high,high,3,more,small,low,unacc,3
586,high,high,3,more,small,med,unacc,0
587,high,high,3,more,small,high,acc,1
588,high,high,3,more,med,low,unacc,3
589,high,high,3,more,med,med,acc,3
590,high,high,3,more,med,high,acc,3
591,high,high,3,more,big,low,unacc,3
592,high,high,3,more,big,med,acc,2
593,high,high,3,more,big,high,acc,1
594,high,high,4,2,small,low,unacc,3
595,high,high,4,2,small,med,unacc,3
596,high,high,4,2,small,high,unacc,0
597,high,high,4,2,med,low,unacc,3
598,high,high,4,2,med,med,unacc,3
599,high,high,4,2,med,high,unacc,0
600,high,high,4,2,big,low,unacc,0
601,high,high,4,2,big,med,unacc,3
602,high,high,4,2,big,high,unacc,0
603,high,high,4,4,small,low,unacc,2
604,high,high,4,4,small,med,unacc,2
605,high,high,4,4,small,high,acc,2
606,high,high,4,4,med,low,unacc,1
607,high,high,4,4,med,med,acc,2
608,high,high,4,4,med,high,acc,2
609,high,high,4,4,big,low,unacc,3
610,high,high,4,4,big,med,acc,2
611,high,high,4,4,big,high,acc,3
612,high,high,4,more,small,low,unacc,2
613,high,high,4,more,small,med,unacc,1
614,high,high,4,more,small,high,acc,1
615,high,high,4,more,med,low,unacc,1
616,high,high,4,more,med,med,acc,2
617,high,high,4,more,med,high,acc,2
618,high,high,4,more,big,low,unacc,0
619,high,high,4,more,big,med,acc,2
620,high,high,4,more,big,high,acc,2
621,high,high,5more,2,small,low,unacc,1
622,high,high,5more,2,small,med,unacc,3
623,high,high,5more,2,small,high,unacc,1
624,high,high,5more,2,med,low,unacc,1
625,high,high,5more,2,med,med,unacc,0
626,high,high,5more,2,med,high,unacc,2
627,high,high,5more,2,big,low,unacc,1
628,high,high,5more,2,big,med,unacc,0
629,high,high,5more,2,big,high,unacc,1
630,high,high,5more,4,small,low,unacc,0
631,high,high,5more,4,small,med,unacc,0
632,high,high,5more,4,small,high,acc,3
633,high,high,5more,4,med,low,unacc,3
634,high,high,5more,4,med,med,acc,3
635,high,high,5more,4,med,high,acc,0
636,high,high,5more,4,big,low,unacc,2
637,high,high,5more,4,big,med,acc,0
638,high,high,5more,4,big,high,acc,3
639,high,high,5more,more,small,low,unacc,0
640,high,high,5more,more,small,med,unacc,3
641,high,high,5more,more,small,high,acc,1
642,high,high,5more,more,med,low,unacc,1
643,high,high,5more,more,med,med,acc,0
644,high,high,5more,more,med,high,acc,1
645,high,high,5more,more,big,low,unacc,0
646,high,high,5more,more,big,med,acc,1
647,high,high,5more,more,big,high,acc,0
648,high,med,2,2,small,low,unacc,1
649,high,med,2,2,small,med,unacc,3
650,high,med,2,2,small,high,unacc,0
651,high,med,2,2,med,low,unacc,3
652,high,med,2,2,med,med,unacc,1
653,high,med,2,2,med,high,unacc,0
654,high,med,2,2,big,low,unacc,0
655,high,med,2,2,big,med,unacc,0
656,high,med,2,2,big,high,unacc,3
657,high,med,2,4,small,low,unacc,3
658,high,med,2,4,small,med,unacc,1
659,high,med,2,4,small,high,acc,3
660,high,med,2,4,med,low,unacc,0
661,high,med,2,4,med,med,unacc,1
662,high,med,2,4,med,high,acc,0
663,high,med,2,4,big,low,unacc,2
664,high,med,2,4,big,med,acc,0
665,high,med,2,4,big,high,acc,1
666,high,med,2,more,small,low,unacc,3
667,high,med,2,more,small,med,unacc,2
668,high,med,2,more,small,high,unacc,3
669,high,med,2,more,med,low,unacc,0
670,high,med,2,more,med,med,unacc,2
671,high,med,2,more,med,high,acc,1
672,high,med,2,more,big,low,unacc,3
673,high,med,2,more,big,med,acc,1
674,high,med,2,more,big,high,acc,1
675,high,med,3,2,small,low,unacc,0
676,high,med,3,2,small,med,unacc,2
677,high,med,3,2,small,high,unacc,0
678,high,med,3,2,med,low,unacc,0
679,high,med,3,2,med,med,unacc,3
680,high,med,3,2,med,high,unacc,3
681,high,med,3,2,big,low,unacc,1
682,high,med,3,2,big,med,unacc,3
683,high,med,3,2,big,high,unacc,2
684,high,med,3,4,small,low,unacc,1
685,high,med,3,4,small,med,unacc,1
686,high,med,3,4,small,high,acc,1
687,high,med,3,4,med,low,unacc,1
688,high,med,3,4,med,med,unacc,3
689,high,med,3,4,med,high,acc,0
690,high,med,3,4,big,low,unacc,0
691,high,med,3,4,big,med,acc,1
692,high,med,3,4,big,high,acc,3
693,high,med,3,more,small,low,unacc,3
694,high,med,3,more,small,med,unacc,1
695,high,med,3,more,small,high,acc,2
696,high,med,3,more,med,low,unacc,3
697,high,med,3,more,med,med,acc,0
698,high,med,3,more,med,high,acc,0
699,high,med,3,more,big,low,unacc,2
700,high,med,3,more,big,med,acc,3
701,high,med,3,more,big,high,acc,1
702,high,med,4,2,small,low,unacc,2
703,high,med,4,2,small,med,unacc,2
704,high,med,4,2,small,high,unacc,0
705,high,med,4,2,med,low,unacc,0
706,high,med,4,2,med,med,unacc,0
707,high,med,4,2,med,high,unacc,0
708,high,med,4,2,big,low,unacc,3
709,high,med,4,2,big,med,unacc,1
710,high,med,4,2,big,high,unacc,1
711,high,med,4,4,small,low,unacc,3
712,high,med,4,4,small,med,unacc,0
713,high,med,4,4,small,high,acc,3
714,high,med,4,4,med,low,unacc,0
715,high,med,4,4,med,med,acc,3
716,high,med,4,4,med,high,acc,0
717,high,med,4,4,big,low,unacc,0
718,high,med,4,4,big,med,acc,0
719,high,med,4,4,big,high,acc,0
720,high,med,4,more,small,low,unacc,2
721,high,med,4,more,small,med,unacc,0
722,high,med,4,more,small,high,acc,0
723,high,med,4,more,med,low,unacc,0
724,high,med,4,more,med,med,acc,0
725,high,med,4,more,med,high,acc,1
726,high,med,4,more,big,low,unacc,1
727,high,med,4,more,big,med,acc,1
728,high,med,4,more,big,high,acc,2
729,high,med,5more,2,small,low,unacc,1
730,high,med,5more,2,small,med,unacc,1
731,high,med,5more,2,small,high,unacc,2
732,high,med,5more,2,med,low,unacc,2
733,high,med,5more,2,med,med,unacc,2
734,high,med,5more,2,med,high,unacc,3
735,high,med,5more,2,big,low,unacc,1
736,high,med,5more,2,big,med,unacc,3
737,high,med,5more,2,big,high,unacc,2
738,high,med,5more,4,small,low,unacc,0
739,high,med,5more,4,small,med,unacc,3
740,high,med,5more,4,small,high,acc,3
741,high,med,5more,4,med,low,unacc,2
742,high,med,5more,4,med,med,acc,2
743,high,med,5more,4,med,high,acc,2
744,high,med,5more,4,big,low,unacc,0
745,high,med,5more,4,big,med,acc,1
746,high,med,5more,4,big,high,acc,1
747,high,med,5more,more,small,low,unacc,0
748,high,med,5more,more,small,med,unacc,3
749,high,med,5more,more,small,high,acc,0
750,high,med,5more,more,med,low,unacc,3
751,high,med,5more,more,med,med,acc,1
752,high,med,5more,more,med,high,acc,2
753,high,med,5more,more,big,low,unacc,1
754,high,med,5more,more,big,med,acc,2
755,high,med,5more,more,big,high,acc,0
756,high,low,2,2,small,low,unacc,0
757,high,low,2,2,small,med,unacc,3
758,high,low,2,2,small,high,unacc,0
759,high,low,2,2,med,low,unacc,2
760,high,low,2,2,med,med,unacc,2
761,high,low,2,2,med,high,unacc,1
762,high,low,2,2,big,low,unacc,1
763,high,low,2,2,big,med,unacc,3
764,high,low,2,2,big,high,unacc,2
765,high,low,2,4,small,low,unacc,0
766,high,low,2,4,small,med,unacc,0
767,high,low,2,4,small,high,acc,0
768,high,low,2,4,med,low,unacc,1
769,high,low,2,4,med,med,unacc,2
770,high,low,2,4,med,high,acc,3
771,high,low,2,4,big,low,unacc,0
772,high,low,2,4,big,med,acc,3
773,high,low,2,4,big,high,acc,1
774,high,low,2,more,small,low,unacc,1
775,high,low,2,more,small,med,unacc,3
776,high,low,2,more,small,high,unacc,3
777,high,low,2,more,med,low,unacc,1
778,high,low,2,more,med,med,unacc,3
779,high,low,2,more,med,high,acc,3
780,high,low,2,more,big,low,unacc,3
781,high,low,2,more,big,med,acc,2
782,high,low,2,more,big,high,acc,0
783,high,low,3,2,small,low,unacc,2
784,high,low,3,2,small,med,unacc,0
785,high,low,3,2,small,high,unacc,3
786,high,low,3,2,med,low,unacc,3
787,high,low,3,2,med,med,unacc,2
788,high,low,3,2,med,high,unacc,0
789,high,low,3,2,big,low,unacc,2
790,high,low,3,2,big,med,unacc,2
791,high,low,3,2,big,high,unacc,3
792,high,low,3,4,small,low,unacc,2
793,high,low,3,4,small,med,unacc,0
794,high,low,3,4,small,high,acc,2
795,high,low,3,4,med,low,unacc,2
796,high,low,3,4,med,med,unacc,2
797,high,low,3,4,med,high,acc,0
798,high,low,3,4,big,low,unacc,0
799,high,low,3,4,big,med,acc,1
800,high,low,3,4,big,high,acc,1
801,high,low,3,more,small,low,unacc,2
802,high,low,3,more,small,med,unacc,1
803,high,low,3,more,small,high,acc,0
804,high,low,3,more,med,low,unacc,3
805,high,low,3,more,med,med,acc,0
806,high,low,3,more,med,high,acc,2
807,high,low,3,more,big,low,unacc,2
808,high,low,3,more,big,med,acc,2
809,high,low,3,more,big,high,acc,2
810,high,low,4,2,small,low,unacc,2
811,high,low,4,2,small,med,unacc,2
812,high,low,4,2,small,high,unacc,1
813,high,low,4,2,med,low,unacc,0
814,high,low,4,2,med,med,unacc,3
815,high,low,4,2,med,high,unacc,1
816,high,low,4,2,big,low,unacc,1
817,high,low,4,2,big,med,unacc,3
818,high,low,4,2,big,high,unacc,2
819,high,low,4,4,small,low,unacc,0
820,high,low,4,4,small,med,unacc,2
821,high,low,4,4,small,high,acc,1
822,high,low,4,4,med,low,unacc,2
823,high,low,4,4,med,med,acc,0
824,high,low,4,4,med,high,acc,3
825,high,low,4,4,big,low,unacc,3
826,high,low,4,4,big,med,acc,1
827,high,low,4,4,big,high,acc,0
828,high,low,4,more,small,low,unacc,2
829,high,low,4,more,small,med,unacc,1
830,high,low,4,more,small,high,acc,2
831,high,low,4,more,med,low,unacc,0
832,high,low,4,more,med,med,acc,2
833,high,low,4,more,med,high,acc,0
834,high,low,4,more,big,low,unacc,3
835,high,low,4,more,big,med,acc,2
836,high,low,4,more,big,high,acc,3
837,high,low,5more,2,small,low,unacc,2
838,high,low,5more,2,small,med,unacc,2
839,high,low,5more,2,small,high,unacc,3
840,high,low,5more,2,med,low,unacc,3
841,high,low,5more,2,med,med,unacc,0
842,high,low,5more,2,med,high,unacc,2
843,high,low,5more,2,big,low,unacc,3
844,high,low,5more,2,big,med,unacc,0
845,high,low,5more,2,big,high,unacc,3
846,high,low,5more,4,small,low,unacc,0
847,high,low,5more,4,small,med,unacc,3
848,high,low,5more,4,small,high,acc,0
849,high,low,5more,4,med,low,unacc,1
850,high,low,5more,4,med,med,acc,3
851,high,low,5more,4,med,high,acc,3
852,high,low,5more,4,big,low,unacc,2
853,high,low,5more,4,big,med,acc,1
854,high,low,5more,4,big,high,acc,3
855,high,low,5more,more,small,low,unacc,1
856,high,low,5more,more,small,med,unacc,2
857,high,low,5more,more,small,high,acc,0
858,high,low,5more,more,med,low,unacc,3
859,high,low,5more,more,med,med,acc,2
860,high,low,5more,more,med,high,acc,1
861,high,low,5more,more,big,low,unacc,3
862,high,low,5more,more,big,med,acc,2
863,high,low,5more,more,big,high,acc,0
864,med,vhigh,2,2,small,low,unacc,1
865,med,vhigh,2,2,small,med,unacc,1
866,med,vhigh,2,2,small,high,unacc,2
867,med,vhigh,2,2,med,low,unacc,3
868,med,vhigh,2,2,med,med,unacc,2
869,med,vhigh,2,2,med,high,unacc,1
870,med,vhigh,2,2,big,low,unacc,2
871,med,vhigh,2,2,big,med,unacc,2
872,med,vhigh,2,2,big,high,unacc,2
873,med,vhigh,2,4,small,low,unacc,1
874,med,vhigh,2,4,small,med,unacc,3
875,med,vhigh,2,4,small,high,acc,1
876,med,vhigh,2,4,med,low,unacc,2
877,med,vhigh,2,4,med,med,unacc,0
878,med,vhigh,2,4,med,high,acc,1
879,med,vhigh,2,4,big,low,unacc,3
880,med,vhigh,2,4,big,med,acc,2
881,med,vhigh,2,4,big,high,acc,1
882,med,vhigh,2,more,small,low,unacc,0
883,med,vhigh,2,more,small,med,unacc,1
884,med,vhigh,2,more,small,high,unacc,0
885,med,vhigh,2,more,med,low,unacc,3
886,med,vhigh,2,more,med,med,unacc,1
887,med,vhigh,2,more,med,high,acc,1
888,med,vhigh,2,more,big,low,unacc,1
889,med,vhigh,2,more,big,med,acc,3
890,med,vhigh,2,more,big,high,acc,3
891,med,vhigh,3,2,small,low,unacc,0
892,med,vhigh,3,2,small,med,unacc,3
893,med,vhigh,3,2,small,high,unacc,2
894,med,vhigh,3,2,med,low,unacc,2
895,med,vhigh,3,2,med,med,unacc,3
896,med,vhigh,3,2,med,high,unacc,1
897,med,vhigh,3,2,big,low,unacc,1
898,med,vhigh,3,2,big,med,unacc,0
899,med,vhigh,3,2,big,high,unacc,2
900,med,vhigh,3,4,small,low,unacc,1
901,med,vhigh,3,4,small,med,unacc,0
902,med,vhigh,3,4,small,high,acc,1
903,med,vhigh,3,4,med,low,unacc,0
904,med,vhigh,3,4,med,med,unacc,0
905,med,vhigh,3,4,med,high,acc,2
906,med,vhigh,3,4,big,low,unacc,1
907,med,vhigh,3,4,big,med,acc,3
908,med,vhigh,3,4,big,high,acc,2
909,med,vhigh,3,more,small,low,unacc,2
910,med,vhigh,3,more,small,med,unacc,0
911,med,vhigh,3,more,small,high,acc,1
912,med,vhigh,3,more,med,low,unacc,2
913,med,vhigh,3,more,med,med,acc,2
914,med,vhigh,3,more,med,high,acc,3
915,med,vhigh,3,more,big,low,unacc,3
916,med,vhigh,3,more,big,med,acc,2
917,med,vhigh,3,more,big,high,acc,3
918,med,vhigh,4,2,small,low,unacc,3
919,med,vhigh,4,2,small,med,unacc,2
920,med,vhigh,4,2,small,high,unacc,3
921,med,vhigh,4,2,med,low,unacc,2
922,med,vhigh,4,2,med,med,unacc,3
923,med,vhigh,4,2,med,high,unacc,2
924,med,vhigh,4,2,big,low,unacc,2
925,med,vhigh,4,2,big,med,unacc,3
926,med,vhigh,4,2,big,high,unacc,3
927,med,vhigh,4,4,small,low,unacc,1
928,med,vhigh,4,4,small,med,unacc,1
929,med,vhigh,4,4,small,high,acc,0
930,med,vhigh,4,4,med,low,unacc,3
931,med,vhigh,4,4,med,med,acc,2
932,med,vhigh,4,4,med,high,acc,3
933,med,vhigh,4,4,big,low,unacc,3
934,med,vhigh,4,4,big,med,acc,1
935,med,vhigh,4,4,big,high,acc,1
936,med,vhigh,4,more,small,low,unacc,3
937,med,vhigh,4,more,small,med,unacc,0
938,med,vhigh,4,more,small,high,acc,0
939,med,vhigh,4,more,med,low,unacc,3
940,med,vhigh,4,more,med,med,acc,3
941,med,vhigh,4,more,med,high,acc,2
942,med,vhigh,4,more,big,low,unacc,0
943,med,vhigh,4,more,big,med,acc,1
944,med,vhigh,4,more,big,high,acc,0
945,med,vhigh,5more,2,small,low,unacc,2
946,med,vhigh,5more,2,small,med,unacc,3
947,med,vhigh,5more,2,small,high,unacc,1
948,med,vhigh,5more,2,med,low,unacc,0
949,med,vhigh,5more,2,med,med,unacc,0
950,med,vhigh,5more,2,med,high,unacc,3
951,med,vhigh,5more,2,big,low,unacc,0
952,med,vhigh,5more,2,big,med,unacc,2
953,med,vhigh,5more,2,big,high,unacc,1
954,med,vhigh,5more,4,small,low,unacc,0
955,med,vhigh,5more,4,small,med,unacc,2
956,med,vhigh,5more,4,small,high,acc,0
957,med,vhigh,5more,4,med,low,unacc,2
958,med,vhigh,5more,4,med,med,acc,0
959,med,vhigh,5more,4,med,high,acc,3
960,med,vhigh,5more,4,big,low,unacc,2
961,med,vhigh,5more,4,big,med,acc,0
962,med,vhigh,5more,4,big,high,acc,1
963,med,vhigh,5more,more,small,low,unacc,0
964,med,vhigh,5more,more,small,med,unacc,3
965,med,vhigh,5more,more,small,high,acc,3
966,med,vhigh,5more,more,med,low,unacc,2
967,med,vhigh,5more,more,med,med,acc,3
968,med,vhigh,5more,more,med,high,acc,3
969,med,vhigh,5more,more,big,low,unacc,3
970,med,vhigh,5more,more,big,med,acc,1
971,med,vhigh,5more,more,big,high,acc,1
972,med,high,2,2,small,low,unacc,2
973,med,high,2,2,small,med,unacc,0
974,med,high,2,2,small,high,unacc,2
975,med,high,2,2,med,low,unacc,2
976,med,high,2,2,med,med,unacc,3
977,med,high,2,2,med,high,unacc,0
978,med,high,2,2,big,low,unacc,3
979,med,high,2,2,big,med,unacc,1
980,med,high,2,2,big,high,unacc,0
981,med,high,2,4,small,low,unacc,1
982,med,high,2,4,small,med,unacc,2
983,med,high,2,4,small,high,acc,0
984,med,high,2,4,med,low,unacc,1
985,med,high,2,4,med,med,unacc,1
986,med,high,2,4,med,high,acc,3
987,med,high,2,4,big,low,unacc,2
988,med,high,2,4,big,med,acc,1
989,med,high,2,4,big,high,acc,2
990,med,high,2,more,small,low,unacc,2
991,med,high,2,more,small,med,unacc,0
992,med,high,2,more,small,high,unacc,0
993,med,high,2,more,med,low,unacc,2
994,med,high,2,more,med,med,unacc,0
995,med,high,2,more,med,high,acc,0
996,med,high,2,more,big,low,unacc,1
997,med,high,2,more,big,med,acc,3
998,med,high,2,more,big,high,acc,0
999,med,high,3,2,small,low,unacc,0
1000,med,high,3,2,small,med,unacc,2
1001,med,high,3,2,small,high,unacc,3
1002,med,high,3,2,med,low,unacc,0
1003,med,high,3,2,med,med,unacc,1
1004,med,high,3,2,med,high,unacc,1
1005,med,high,3,2,big,low,unacc,1
1006,med,high,3,2,big,med,unacc,1
1007,med,high,3,2,big,high,unacc,1
1008,med,high,3,4,small,low,unacc,0
1009,med,high,3,4,small,med,unacc,0
1010,med,high,3,4,small,high,acc,0
1011,med,high,3,4,med,low,unacc,0
1012,med,high,3,4,med,med,unacc,3
1013,med,high,3,4,med,high,acc,0
1014,med,high,3,4,big,low,unacc,1
1015,med,high,3,4,big,med,acc,3
1016,med,high,3,4,big,high,acc,3
1017,med,high,3,more,small,low,unacc,2
1018,med,high,3,more,small,med,unacc,3
1019,med,high,3,more,small,high,acc,1
1020,med,high,3,more,med,low,unacc,2
1021,med,high,3,more,med,med,acc,0
1022,med,high,3,more,med,high,acc,1
1023,med,high,3,more,big,low,unacc,3
1024,med,high,3,more,big,med,acc,2
1025,med,high,3,more,big,high,acc,2
1026,med,high,4,2,small,low,unacc,1
1027,med,high,4,2,small,med,unacc,2
1028,med,high,4,2,small,high,unacc,0
1029,med,high,4,2,med,low,unacc,3
1030,med,high,4,2,med,med,unacc,1
1031,med,high,4,2,med,high,unacc,1
1032,med,high,4,2,big,low,unacc,3
1033,med,high,4,2,big,med,unacc,0
1034,med,high,4,2,big,high,unacc,1
1035,med,high,4,4,small,low,unacc,0
1036,med,high,4,4,small,med,unacc,2
1037,med,high,4,4,small,high,acc,2
1038,med,high,4,4,med,low,unacc,1
1039,med,high,4,4,med,med,acc,1
1040,med,high,4,4,med,high,acc,1
1041,med,high,4,4,big,low,unacc,0
1042,med,high,4,4,big,med,acc,3
1043,med,high,4,4,big,high,acc,1
1044,med,high,4,more,small,low,unacc,2
1045,med,high,4,more,small,med,unacc,3
1046,med,high,4,more,small,high,acc,1
1047,med,high,4,more,med,low,unacc,3
1048,med,high,4,more,med,med,acc,2
1049,med,high,4,more,med,high,acc,2
1050,med,high,4,more,big,low,unacc,2
1051,med,high,4,more,big,med,acc,1
1052,med,high,4,more,big,high,acc,0
1053,med,high,5more,2,small,low,unacc,3
1054,med,high,5more,2,small,med,unacc,2
1055,med,high,5more,2,small,high,unacc,1
1056,med,high,5more,2,med,low,unacc,2
1057,med,high,5more,2,med,med,unacc,3
1058,med,high,5more,2,med,high,unacc,1
1059,med,high,5more,2,big,low,unacc,3
1060,med,high,5more,2,big,med,unacc,0
1061,med,high,5more,2,big,high,unacc,1
1062,med,high,5more,4,small,low,unacc,0
1063,med,high,5more,4,small,med,unacc,1
1064,med,high,5more,4,small,high,acc,2
1065,med,high,5more,4,med,low,unacc,1
1066,med,high,5more,4,med,med,acc,0
1067,med,high,5more,4,med,high,acc,3
1068,med,high,5more,4,big,low,unacc,1
1069,med,high,5more,4,big,med,acc,0
1070,med,high,5more,4,big,high,acc,0
1071,med,high,5more,more,small,low,unacc,0
1072,med,high,5more,more,small,med,unacc,3
1073,med,high,5more,more,small,high,acc,0
1074,med,high,5more,more,med,low,unacc,1
1075,med,high,5more,more,med,med,acc,2
1076,med,high,5more,more,med,high,acc,1
1077,med,high,5more,more,big,low,unacc,2
1078,med,high,5more,more,big,med,acc,0
1079,med,high,5more,more,big,high,acc,2
1080,med,med,2,2,small,low,unacc,0
1081,med,med,2,2,small,med,unacc,3
1082,med,med,2,2,small,high,unacc,1
1083,med,med,2,2,med,low,unacc,2
1084,med,med,2,2,med,med,unacc,3
1085,med,med,2,2,med,high,unacc,0
1086,med,med,2,2,big,low,unacc,3
1087,med,med,2,2,big,med,unacc,0
1088,med,med,2,2,big,high,unacc,1
1089,med,med,2,4,small,low,unacc,1
1090,med,med,2,4,small,med,acc,0
1091,med,med,2,4,small,high,acc,1
1092,med,med,2,4,med,low,unacc,2
1093,med,med,2,4,med,med,acc,0
1094,med,med,2,4,med,high,acc,1
1095,med,med,2,4,big,low,unacc,0
1096,med,med,2,4,big,med,acc,1
1097,med,med,2,4,big,high,vgood,3
1098,med,med,2,more,small,low,unacc,1
1099,med,med,2,more,small,med,unacc,3
1100,med,med,2,more,small,high,unacc,3
1101,med,med,2,more,med,low,unacc,0
1102,med,med,2,more,med,med,acc,1
1103,med,med,2,more,med,high,acc,3
1104,med,med,2,more,big,low,unacc,1
1105,med,med,2,more,big,med,acc,3
1106,med,med,2,more,big,high,vgood,0
1107,med,med,3,2,small,low,unacc,2
1108,med,med,3,2,small,med,unacc,3
1109,med,med,3,2,small,high,unacc,2
1110,med,med,3,2,med,low,unacc,1
1111,med,med,3,2,med,med,unacc,2
1112,med,med,3,2,med,high,unacc,3
1113,med,med,3,2,big,low,unacc,0
1114,med,med,3,2,big,med,unacc,1
1115,med,med,3,2,big,high,unacc,2
1116,med,med,3,4,small,low,unacc,0
1117,med,med,3,4,small,med,acc,1
1118,med,med,3,4,small,high,acc,0
1119,med,med,3,4,med,low,unacc,1
1120,med,med,3,4,med,med,acc,1
1121,med,med,3,4,med,high,acc,1
1122,med,med,3,4,big,low,unacc,2
1123,med,med,3,4,big,med,acc,2
1124,med,med,3,4,big,high,vgood,3
1125,med,med,3,more,small,low,unacc,1
1126,med,med,3,more,small,med,acc,0
1127,med,med,3,more,small,high,acc,3
1128,med,med,3,more,med,low,unacc,0
1129,med,med,3,more,med,med,acc,0
1130,med,med,3,more,med,high,vgood,0
1131,med,med,3,more,big,low,unacc,2
1132,med,med,3,more,big,med,acc,2
1133,med,med,3,more,big,high,vgood,2
1134,med,med,4,2,small,low,unacc,3
1135,med,med,4,2,small,med,unacc,0
1136,med,med,4,2,small,high,unacc,2
1137,med,med,4,2,med,low,unacc,2
1138,med,med,4,2,med,med,unacc,0
1139,med,med,4,2,med,high,unacc,0
1140,med,med,4,2,big,low,unacc,3
1141,med,med,4,2,big,med,unacc,0
1142,med,med,4,2,big,high,unacc,0
1143,med,med,4,4,small,low,unacc,0
1144,med,med,4,4,small,med,acc,2
1145,med,med,4,4,small,high,acc,2
1146,med,med,4,4,med,low,unacc,0
1147,med,med,4,4,med,med,acc,3
1148,med,med,4,4,med,high,vgood,0
1149,med,med,4,4,big,low,unacc,2
1150,med,med,4,4,big,med,acc,0
1151,med,med,4,4,big,high,vgood,2
1152,med,med,4,more,small,low,unacc,3
1153,med,med,4,more,small,med,acc,0
1154,med,med,4,more,small,high,acc,1
1155,med,med,4,more,med,low,unacc,3
1156,med,med,4,more,med,med,acc,2
1157,med,med,4,more,med,high,vgood,3
1158,med,med,4,more,big,low,unacc,0
1159,med,med,4,more,big,med,acc,2
1160,med,med,4,more,big,high,vgood,0
1161,med,med,5more,2,small,low,unacc,3
1162,med,med,5more,2,small,med,unacc,2
1163,med,med,5more,2,small,high,unacc,3
1164,med,med,5more,2,med,low,unacc,3
1165,med,med,5more,2,med,med,unacc,1
1166,med,med,5more,2,med,high,unacc,1
1167,med,med,5more,2,big,low,unacc,1
1168,med,med,5more,2,big,med,unacc,1
1169,med,med,5more,2,big,high,unacc,3
1170,med,med,5more,4,small,low,unacc,0
1171,med,med,5more,4,small,med,acc,2
1172,med,med,5more,4,small,high,acc,1
1173,med,med,5more,4,med,low,unacc,1
1174,med,med,5more,4,med,med,acc,0
1175,med,med,5more,4,med,high,vgood,3
1176,med,med,5more,4,big,low,unacc,1
1177,med,med,5more,4,big,med,acc,1
1178,med,med,5more,4,big,high,vgood,1
1179,med,med,5more,more,small,low,unacc,0
1180,med,med,5more,more,small,med,acc,3
1181,med,med,5more,more,small,high,acc,0
1182,med,med,5more,more,med,low,unacc,2
1183,med,med,5more,more,med,med,acc,2
1184,med,med,5more,more,med,high,vgood,2
1185,med,med,5more,more,big,low,unacc,2
1186,med,med,5more,more,big,med,acc,2
1187,med,med,5more,more,big,high,vgood,0
1188,med,low,2,2,small,low,unacc,2
1189,med,low,2,2,small,med,unacc,3
1190,med,low,2,2,small,high,unacc,2
1191,med,low,2,2,med,low,unacc,3
1192,med,low,2,2,med,med,unacc,2
1193,med,low,2,2,med,high,unacc,1
1194,med,low,2,2,big,low,unacc,1
1195,med,low,2,2,big,med,unacc,0
1196,med,low,2,2,big,high,unacc,3
1197,med,low,2,4,small,low,unacc,0
1198,med,low,2,4,small,med,acc,3
1199,med,low,2,4,small,high,good,2
1200,med,low,2,4,med,low,unacc,3
1201,med,low,2,4,med,med,acc,1
1202,med,low,2,4,med,high,good,1
1203,med,low,2,4,big,low,unacc,0
1204,med,low,2,4,big,med,good,0
1205,med,low,2,4,big,high,vgood,2
1206,med,low,2,more,small,low,unacc,3
1207,med,low,2,more,small,med,unacc,2
1208,med,low,2,more,small,high,unacc,1
1209,med,low,2,more,med,low,unacc,1
1210,med,low,2,more,med,med,acc,0
1211,med,low,2,more,med,high,good,3
1212,med,low,2,more,big,low,unacc,1
1213,med,low,2,more,big,med,good,0
1214,med,low,2,more,big,high,vgood,3
1215,med,low,3,2,small,low,unacc,1
1216,med,low,3,2,small,med,unacc,3
1217,med,low,3,2,small,high,unacc,2
1218,med,low,3,2,med,low,unacc,2
1219,med,low,3,2,med,med,unacc,2
1220,med,low,3,2,med,high,unacc,3
1221,med,low,3,2,big,low,unacc,2
1222,med,low,3,2,big,med,unacc,0
1223,med,low,3,2,big,high,unacc,1
1224,med,low,3,4,small,low,unacc,3
1225,med,low,3,4,small,med,acc,2
1226,med,low,3,4,small,high,good,2
1227,med,low,3,4,med,low,unacc,0
1228,med,low,3,4,med,med,acc,2
1229,med,low,3,4,med,high,good,0
1230,med,low,3,4,big,low,unacc,3
1231,med,low,3,4,big,med,good,1
1232,med,low,3,4,big,high,vgood,0
1233,med,low,3,more,small,low,unacc,1
1234,med,low,3,more,small,med,acc,3
1235,med,low,3,more,small,high,good,0
1236,med,low,3,more,med,low,unacc,0
1237,med,low,3,more,med,med,good,0
1238,med,low,3,more,med,high,vgood,1
1239,med,low,3,more,big,low,unacc,1
1240,med,low,3,more,big,med,good,2
1241,med,low,3,more,big,high,vgood,0
1242,med,low,4,2,small,low,unacc,3
1243,med,low,4,2,small,med,unacc,0
1244,med,low,4,2,small,high,unacc,2
1245,med,low,4,2,med,low,unacc,3
1246,med,low,4,2,med,med,unacc,1
1247,med,low,4,2,med,high,unacc,3
1248,med,low,4,2,big,low,unacc,0
1249,med,low,4,2,big,med,unacc,0
1250,med,low,4,2,big,high,unacc,2
1251,med,low,4,4,small,low,unacc,2
1252,med,low,4,4,small,med,acc,1
1253,med,low,4,4,small,high,good,2
1254,med,low,4,4,med,low,unacc,0
1255,med,low,4,4,med,med,good,0
1256,med,low,4,4,med,high,vgood,3
1257,med,low,4,4,big,low,unacc,3
1258,med,low,4,4,big,med,good,0
1259,med,low,4,4,big,high,vgood,2
1260,med,low,4,more,small,low,unacc,3
1261,med,low,4,more,small,med,acc,0
1262,med,low,4,more,small,high,good,0
1263,med,low,4,more,med,low,unacc,0
1264,med,low,4,more,med,med,good,0
1265,med,low,4,more,med,high,vgood,1
1266,med,low,4,more,big,low,unacc,0
1267,med,low,4,more,big,med,good,2
1268,med,low,4,more,big,high,vgood,3
1269,med,low,5more,2,small,low,unacc,1
1270,med,low,5more,2,small,med,unacc,2
1271,med,low,5more,2,small,high,unacc,3
1272,med,low,5more,2,med,low,unacc,0
1273,med,low,5more,2,med,med,unacc,2
1274,med,low,5more,2,med,high,unacc,0
1275,med,low,5more,2,big,low,unacc,3
1276,med,low,5more,2,big,med,unacc,3
1277,med,low,5more,2,big,high,unacc,0
1278,med,low,5more,4,small,low,unacc,3
1279,med,low,5more,4,small,med,acc,0
1280,med,low,5more,4,small,high,good,0
1281,med,low,5more,4,med,low,unacc,3
1282,med,low,5more,4,med,med,good,0
1283,med,low,5more,4,med,high,vgood,1
1284,med,low,5more,4,big,low,unacc,3
1285,med,low,5more,4,big,med,good,2
1286,med,low,5more,4,big,high,vgood,0
1287,med,low,5more,more,small,low,unacc,3
1288,med,low,5more,more,small,med,acc,0
1289,med,low,5more,more,small,high,good,3
1290,med,low,5more,more,med,low,unacc,2
1291,med,low,5more,more,med,med,good,0
1292,med,low,5more,more,med,high,vgood,2
1293,med,low,5more,more,big,low,unacc,0
1294,med,low,5more,more,big,med,good,0
1295,med,low,5more,more,big,high,vgood,2
1296,low,vhigh,2,2,small,low,unacc,0
1297,low,vhigh,2,2,small,med,unacc,2
1298,low,vhigh,2,2,small,high,unacc,1
1299,low,vhigh,2,2,med,low,unacc,0
1300,low,vhigh,2,2,med,med,unacc,3
1301,low,vhigh,2,2,med,high,unacc,1
1302,low,vhigh,2,2,big,low,unacc,1
1303,low,vhigh,2,2,big,med,unacc,1
1304,low,vhigh,2,2,big,high,unacc,1
1305,low,vhigh,2,4,small,low,unacc,0
1306,low,vhigh,2,4,small,med,unacc,1
1307,low,vhigh,2,4,small,high,acc,2
1308,low,vhigh,2,4,med,low,unacc,1
1309,low,vhigh,2,4,med,med,unacc,0
1310,low,vhigh,2,4,med,high,acc,0
1311,low,vhigh,2,4,big,low,unacc,2
1312,low,vhigh,2,4,big,med,acc,1
1313,low,vhigh,2,4,big,high,acc,1
1314,low,vhigh,2,more,small,low,unacc,1
1315,low,vhigh,2,more,small,med,unacc,1
1316,low,vhigh,2,more,small,high,unacc,0
1317,low,vhigh,2,more,med,low,unacc,1
1318,low,vhigh,2,more,med,med,unacc,3
1319,low,vhigh,2,more,med,high,acc,0
1320,low,vhigh,2,more,big,low,unacc,2
1321,low,vhigh,2,more,big,med,acc,0
1322,low,vhigh,2,more,big,high,acc,0
1323,low,vhigh,3,2,small,low,unacc,2
1324,low,vhigh,3,2,small,med,unacc,0
1325,low,vhigh,3,2,small,high,unacc,0
1326,low,vhigh,3,2,med,low,unacc,2
1327,low,vhigh,3,2,med,med,unacc,0
1328,low,vhigh,3,2,med,high,unacc,2
1329,low,vhigh,3,2,big,low,unacc,2
1330,low,vhigh,3,2,big,med,unacc,0
1331,low,vhigh,3,2,big,high,unacc,2
1332,low,vhigh,3,4,small,low,unacc,3
1333,low,vhigh,3,4,small,med,unacc,1
1334,low,vhigh,3,4,small,high,acc,0
1335,low,vhigh,3,4,med,low,unacc,3
1336,low,vhigh,3,4,med,med,unacc,2
1337,low,vhigh,3,4,med,high,acc,1
1338,low,vhigh,3,4,big,low,unacc,2
1339,low,vhigh,3,4,big,med,acc,1
1340,low,vhigh,3,4,big,high,acc,3
1341,low,vhigh,3,more,small,low,unacc,2
1342,low,vhigh,3,more,small,med,unacc,2
1343,low,vhigh,3,more,small,high,acc,1
1344,low,vhigh,3,more,med,low,unacc,3
1345,low,vhigh,3,more,med,med,acc,3
1346,low,vhigh,3,more,med,high,acc,2
1347,low,vhigh,3,more,big,low,unacc,0
1348,low,vhigh,3,more,big,med,acc,2
1349,low,vhigh,3,more,big,high,acc,2
1350,low,vhigh,4,2,small,low,unacc,1
1351,low,vhigh,4,2,small,med,unacc,0
1352,low,vhigh,4,2,small,high,unacc,3
1353,low,vhigh,4,2,med,low,unacc,3
1354,low,vhigh,4,2,med,med,unacc,3
1355,low,vhigh,4,2,med,high,unacc,0
1356,low,vhigh,4,2,big,low,unacc,3
1357,low,vhigh,4,2,big,med,unacc,1
1358,low,vhigh,4,2,big,high,unacc,0
1359,low,vhigh,4,4,small,low,unacc,2
1360,low,vhigh,4,4,small,med,unacc,2
1361,low,vhigh,4,4,small,high,acc,1
1362,low,vhigh,4,4,med,low,unacc,1
1363,low,vhigh,4,4,med,med,acc,2
1364,low,vhigh,4,4,med,high,acc,1
1365,low,vhigh,4,4,big,low,unacc,3
1366,low,vhigh,4,4,big,med,acc,3
1367,low,vhigh,4,4,big,high,acc,1
1368,low,vhigh,4,more,small,low,unacc,3
1369,low,vhigh,4,more,small,med,unacc,2
1370,low,vhigh,4,more,small,high,acc,0
1371,low,vhigh,4,more,med,low,unacc,0
1372,low,vhigh,4,more,med,med,acc,2
1373,low,vhigh,4,more,med,high,acc,0
1374,low,vhigh,4,more,big,low,unacc,0
1375,low,vhigh,4,more,big,med,acc,1
1376,low,vhigh,4,more,big,high,acc,3
1377,low,vhigh,5more,2,small,low,unacc,0
1378,low,vhigh,5more,2,small,med,unacc,3
1379,low,vhigh,5more,2,small,high,unacc,1
1380,low,vhigh,5more,2,med,low,unacc,3
1381,low,vhigh,5more,2,med,med,unacc,2
1382,low,vhigh,5more,2,med,high,unacc,3
1383,low,vhigh,5more,2,big,low,unacc,1
1384,low,vhigh,5more,2,big,med,unacc,2
1385,low,vhigh,5more,2,big,high,unacc,2
1386,low,vhigh,5more,4,small,low,unacc,2
1387,low,vhigh,5more,4,small,med,unacc,0
1388,low,vhigh,5more,4,small,high,acc,1
1389,low,vhigh,5more,4,med,low,unacc,1
1390,low,vhigh,5more,4,med,med,acc,1
1391,low,vhigh,5more,4,med,high,acc,2
1392,low,vhigh,5more,4,big,low,unacc,1
1393,low,vhigh,5more,4,big,med,acc,0
1394,low,vhigh,5more,4,big,high,acc,3
1395,low,vhigh,5more,more,small,low,unacc,1
1396,low,vhigh,5more,more,small,med,unacc,2
1397,low,vhigh,5more,more,small,high,acc,0
1398,low,vhigh,5more,more,med,low,unacc,1
1399,low,vhigh,5more,more,med,med,acc,1
1400,low,vhigh,5more,more,med,high,acc,3
1401,low,vhigh,5more,more,big,low,unacc,2
1402,low,vhigh,5more,more,big,med,acc,0
1403,low,vhigh,5more,more,big,high,acc,3
1404,low,high,2,2,small,low,unacc,0
1405,low,high,2,2,small,med,unacc,3
1406,low,high,2,2,small,high,unacc,0
1407,low,high,2,2,med,low,unacc,0
1408,low,high,2,2,med,med,unacc,3
1409,low,high,2,2,med,high,unacc,1
1410,low,high,2,2,big,low,unacc,0
1411,low,high,2,2,big,med,unacc,1
1412,low,high,2,2,big,high,unacc,1
1413,low,high,2,4,small,low,unacc,1
1414,low,high,2,4,small,med,acc,0
1415,low,high,2,4,small,high,acc,0
1416,low,high,2,4,med,low,unacc,2
1417,low,high,2,4,med,med,acc,2
1418,low,high,2,4,med,high,acc,0
1419,low,high,2,4,big,low,unacc,1
1420,low,high,2,4,big,med,acc,3
1421,low,high,2,4,big,high,vgood,3
1422,low,high,2,more,small,low,unacc,1
1423,low,high,2,more,small,med,unacc,0
1424,low,high,2,more,small,high,unacc,0
1425,low,high,2,more,med,low,unacc,2
1426,low,high,2,more,med,med,acc,1
1427,low,high,2,more,med,high,acc,3
1428,low,high,2,more,big,low,unacc,1
1429,low,high,2,more,big,med,acc,0
1430,low,high,2,more,big,high,vgood,0
1431,low,high,3,2,small,low,unacc,1
1432,low,high,3,2,small,med,unacc,2
1433,low,high,3,2,small,high,unacc,2
1434,low,high,3,2,med,low,unacc,3
1435,low,high,3,2,med,med,unacc,2
1436,low,high,3,2,med,high,unacc,3
1437,low,high,3,2,big,low,unacc,1
1438,low,high,3,2,big,med,unacc,1
1439,low,high,3,2,big,high,unacc,0
1440,low,high,3,4,small,low,unacc,3
1441,low,high,3,4,small,med,acc,0
1442,low,high,3,4,small,high,acc,0
1443,low,high,3,4,med,low,unacc,2
1444,low,high,3,4,med,med,acc,1
1445,low,high,3,4,med,high,acc,1
1446,low,high,3,4,big,low,unacc,2
1447,low,high,3,4,big,med,acc,0
1448,low,high,3,4,big,high,vgood,2
1449,low,high,3,more,small,low,unacc,3
1450,low,high,3,more,small,med,acc,3
1451,low,high,3,more,small,high,acc,3
1452,low,high,3,more,med,low,unacc,0
1453,low,high,3,more,med,med,acc,0
1454,low,high,3,more,med,high,vgood,0
1455,low,high,3,more,big,low,unacc,0
1456,low,high,3,more,big,med,acc,1
1457,low,high,3,more,big,high,vgood,0
1458,low,high,4,2,small,low,unacc,1
1459,low,high,4,2,small,med,unacc,1
1460,low,high,4,2,small,high,unacc,0
1461,low,high,4,2,med,low,unacc,1
1462,low,high,4,2,med,med,unacc,0
1463,low,high,4,2,med,high,unacc,1
1464,low,high,4,2,big,low,unacc,0
1465,low,high,4,2,big,med,unacc,0
1466,low,high,4,2,big,high,unacc,2
1467,low,high,4,4,small,low,unacc,0
1468,low,high,4,4,small,med,acc,1
1469,low,high,4,4,small,high,acc,3
1470,low,high,4,4,med,low,unacc,1
1471,low,high,4,4,med,med,acc,1
1472,low,high,4,4,med,high,vgood,2
1473,low,high,4,4,big,low,unacc,0
1474,low,high,4,4,big,med,acc,2
1475,low,high,4,4,big,high,vgood,2
1476,low,high,4,more,small,low,unacc,1
1477,low,high,4,more,small,med,acc,3
1478,low,high,4,more,small,high,acc,2
1479,low,high,4,more,med,low,unacc,1
1480,low,high,4,more,med,med,acc,2
1481,low,high,4,more,med,high,vgood,3
1482,low,high,4,more,big,low,unacc,2
1483,low,high,4,more,big,med,acc,0
1484,low,high,4,more,big,high,vgood,0
1485,low,high,5more,2,small,low,unacc,1
1486,low,high,5more,2,small,med,unacc,0
1487,low,high,5more,2,small,high,unacc,0
1488,low,high,5more,2,med,low,unacc,2
1489,low,high,5more,2,med,med,unacc,3
1490,low,high,5more,2,med,high,unacc,2
1491,low,high,5more,2,big,low,unacc,2
1492,low,high,5more,2,big,med,unacc,1
1493,low,high,5more,2,big,high,unacc,0
1494,low,high,5more,4,small,low,unacc,1
1495,low,high,5more,4,small,med,acc,0
1496,low,high,5more,4,small,high,acc,1
1497,low,high,5more,4,med,low,unacc,1
1498,low,high,5more,4,med,med,acc,1
1499,low,high,5more,4,med,high,vgood,3
1500,low,high,5more,4,big,low,unacc,3
1501,low,high,5more,4,big,med,acc,0
1502,low,high,5more,4,big,high,vgood,1
1503,low,high,5more,more,small,low,unacc,2
1504,low,high,5more,more,small,med,acc,3
1505,low,high,5more,more,small,high,acc,2
1506,low,high,5more,more,med,low,unacc,1
1507,low,high,5more,more,med,med,acc,2
1508,low,high,5more,more,med,high,vgood,2
1509,low,high,5more,more,big,low,unacc,2
1510,low,high,5more,more,big,med,acc,1
1511,low,high,5more,more,big,high,vgood,0
1512,low,med,2,2,small,low,unacc,2
1513,low,med,2,2,small,med,unacc,0
1514,low,med,2,2,small,high,unacc,0
1515,low,med,2,2,med,low,unacc,0
1516,low,med,2,2,med,med,unacc,3
1517,low,med,2,2,med,high,unacc,3
1518,low,med,2,2,big,low,unacc,3
1519,low,med,2,2,big,med,unacc,1
1520,low,med,2,2,big,high,unacc,2
1521,low,med,2,4,small,low,unacc,3
1522,low,med,2,4,small,med,acc,2
1523,low,med,2,4,small,high,good,2
1524,low,med,2,4,med,low,unacc,1
1525,low,med,2,4,med,med,acc,0
1526,low,med,2,4,med,high,good,2
1527,low,med,2,4,big,low,unacc,3
1528,low,med,2,4,big,med,good,3
1529,low,med,2,4,big,high,vgood,1
1530,low,med,2,more,small,low,unacc,2
1531,low,med,2,more,small,med,unacc,2
1532,low,med,2,more,small,high,unacc,1
1533,low,med,2,more,med,low,unacc,0
1534,low,med,2,more,med,med,acc,0
1535,low,med,2,more,med,high,good,0
1536,low,med,2,more,big,low,unacc,2
1537,low,med,2,more,big,med,good,3
1538,low,med,2,more,big,high,vgood,0
1539,low,med,3,2,small,low,unacc,0
1540,low,med,3,2,small,med,unacc,1
1541,low,med,3,2,small,high,unacc,0
1542,low,med,3,2,med,low,unacc,1
1543,low,med,3,2,med,med,unacc,2
1544,low,med,3,2,med,high,unacc,1
1545,low,med,3,2,big,low,unacc,1
1546,low,med,3,2,big,med,unacc,3
1547,low,med,3,2,big,high,unacc,3
1548,low,med,3,4,small,low,unacc,1
1549,low,med,3,4,small,med,acc,0
1550,low,med,3,4,small,high,good,3
1551,low,med,3,4,med,low,unacc,0
1552,low,med,3,4,med,med,acc,3
1553,low,med,3,4,med,high,good,3
1554,low,med,3,4,big,low,unacc,1
1555,low,med,3,4,big,med,good,2
1556,low,med,3,4,big,high,vgood,1
1557,low,med,3,more,small,low,unacc,3
1558,low,med,3,more,small,med,acc,1
1559,low,med,3,more,small,high,good,0
1560,low,med,3,more,med,low,unacc,0
1561,low,med,3,more,med,med,good,2
1562,low,med,3,more,med,high,vgood,0
1563,low,med,3,more,big,low,unacc,3
1564,low,med,3,more,big,med,good,2
1565,low,med,3,more,big,high,vgood,0
1566,low,med,4,2,small,low,unacc,0
1567,low,med,4,2,small,med,unacc,3
1568,low,med,4,2,small,high,unacc,2
1569,low,med,4,2,med,low,unacc,0
1570,low,med,4,2,med,med,unacc,2
1571,low,med,4,2,med,high,unacc,2
1572,low,med,4,2,big,low,unacc,0
1573,low,med,4,2,big,med,unacc,1
1574,low,med,4,2,big,high,unacc,3
1575,low,med,4,4,small,low,unacc,0
1576,low,med,4,4,small,med,acc,1
1577,low,med,4,4,small,high,good,0
1578,low,med,4,4,med,low,unacc,2
1579,low,med,4,4,med,med,good,1
1580,low,med,4,4,med,high,vgood,0
1581,low,med,4,4,big,low,unacc,0
1582,low,med,4,4,big,med,good,2
1583,low,med,4,4,big,high,vgood,0
1584,low,med,4,more,small,low,unacc,2
1585,low,med,4,more,small,med,acc,2
1586,low,med,4,more,small,high,good,3
1587,low,med,4,more,med,low,unacc,3
1588,low,med,4,more,med,med,good,3
1589,low,med,4,more,med,high,vgood,0
1590,low,med,4,more,big,low,unacc,0
1591,low,med,4,more,big,med,good,0
1592,low,med,4,more,big,high,vgood,2
1593,low,med,5more,2,small,low,unacc,2
1594,low,med,5more,2,small,med,unacc,0
1595,low,med,5more,2,small,high,unacc,0
1596,low,med,5more,2,med,low,unacc,1
1597,low,med,5more,2,med,med,unacc,1
1598,low,med,5more,2,med,high,unacc,3
1599,low,med,5more,2,big,low,unacc,2
1600,low,med,5more,2,big,med,unacc,2
1601,low,med,5more,2,big,high,unacc,2
1602,low,med,5more,4,small,low,unacc,3
1603,low,med,5more,4,small,med,acc,2
1604,low,med,5more,4,small,high,good,2
1605,low,med,5more,4,med,low,unacc,1
1606,low,med,5more,4,med,med,good,3
1607,low,med,5more,4,med,high,vgood,0
1608,low,med,5more,4,big,low,unacc,2
1609,low,med,5more,4,big,med,good,1
1610,low,med,5more,4,big,high,vgood,2
1611,low,med,5more,more,small,low,unacc,2
1612,low,med,5more,more,small,med,acc,0
1613,low,med,5more,more,small,high,good,0
1614,low,med,5more,more,med,low,unacc,3
1615,low,med,5more,more,med,med,good,2
1616,low,med,5more,more,med,high,vgood,3
1617,low,med,5more,more,big,low,unacc,0
1618,low,med,5more,more,big,med,good,2
1619,low,med,5more,more,big,high,vgood,1
1620,low,low,2,2,small,low,unacc,3
1621,low,low,2,2,small,med,unacc,2
1622,low,low,2,2,small,high,unacc,3
1623,low,low,2,2,med,low,unacc,3
1624,low,low,2,2,med,med,unacc,2
1625,low,low,2,2,med,high,unacc,1
1626,low,low,2,2,big,low,unacc,3
1627,low,low,2,2,big,med,unacc,2
1628,low,low,2,2,big,high,unacc,1
1629,low,low,2,4,small,low,unacc,2
1630,low,low,2,4,small,med,acc,3
1631,low,low,2,4,small,high,good,0
1632,low,low,2,4,med,low,unacc,0
1633,low,low,2,4,med,med,acc,1
1634,low,low,2,4,med,high,good,3
1635,low,low,2,4,big,low,unacc,0
1636,low,low,2,4,big,med,good,3
1637,low,low,2,4,big,high,vgood,2
1638,low,low,2,more,small,low,unacc,2
1639,low,low,2,more,small,med,unacc,1
1640,low,low,2,more,small,high,unacc,3
1641,low,low,2,more,med,low,unacc,2
1642,low,low,2,more,med,med,acc,3
1643,low,low,2,more,med,high,good,0
1644,low,low,2,more,big,low,unacc,0
1645,low,low,2,more,big,med,good,2
1646,low,low,2,more,big,high,vgood,2
1647,low,low,3,2,small,low,unacc,2
1648,low,low,3,2,small,med,unacc,3
1649,low,low,3,2,small,high,unacc,1
1650,low,low,3,2,med,low,unacc,2
1651,low,low,3,2,med,med,unacc,3
1652,low,low,3,2,med,high,unacc,2
1653,low,low,3,2,big,low,unacc,0
1654,low,low,3,2,big,med,unacc,3
1655,low,low,3,2,big,high,unacc,2
1656,low,low,3,4,small,low,unacc,1
1657,low,low,3,4,small,med,acc,3
1658,low,low,3,4,small,high,good,2
1659,low,low,3,4,med,low,unacc,3
1660,low,low,3,4,med,med,acc,0
1661,low,low,3,4,med,high,good,1
1662,low,low,3,4,big,low,unacc,2
1663,low,low,3,4,big,med,good,0
1664,low,low,3,4,big,high,vgood,3
1665,low,low,3,more,small,low,unacc,2
1666,low,low,3,more,small,med,acc,2
1667,low,low,3,more,small,high,good,3
1668,low,low,3,more,med,low,unacc,2
1669,low,low,3,more,med,med,good,2
1670,low,low,3,more,med,high,vgood,2
1671,low,low,3,more,big,low,unacc,1
1672,low,low,3,more,big,med,good,3
1673,low,low,3,more,big,high,vgood,1
1674,low,low,4,2,small,low,unacc,1
1675,low,low,4,2,small,med,unacc,0
1676,low,low,4,2,small,high,unacc,3
1677,low,low,4,2,med,low,unacc,2
1678,low,low,4,2,med,med,unacc,3
1679,low,low,4,2,med,high,unacc,2
1680,low,low,4,2,big,low,unacc,1
1681,low,low,4,2,big,med,unacc,0
1682,low,low,4,2,big,high,unacc,0
1683,low,low,4,4,small,low,unacc,1
1684,low,low,4,4,small,med,acc,0
1685,low,low,4,4,small,high,good,1
1686,low,low,4,4,med,low,unacc,2
1687,low,low,4,4,med,med,good,1
1688,low,low,4,4,med,high,vgood,3
1689,low,low,4,4,big,low,unacc,3
1690,low,low,4,4,big,med,good,1
1691,low,low,4,4,big,high,vgood,3
1692,low,low,4,more,small,low,unacc,3
1693,low,low,4,more,small,med,acc,3
1694,low,low,4,more,small,high,good,2
1695,low,low,4,more,med,low,unacc,0
1696,low,low,4,more,med,med,good,3
1697,low,low,4,more,med,high,vgood,0
1698,low,low,4,more,big,low,unacc,3
1699,low,low,4,more,big,med,good,0
1700,low,low,4,more,big,high,vgood,2
1701,low,low,5more,2,small,low,unacc,0
1702,low,low,5more,2,small,med,unacc,0
1703,low,low,5more,2,small,high,unacc,0
1704,low,low,5more,2,med,low,unacc,1
1705,low,low,5more,2,med,med,unacc,3
1706,low,low,5more,2,med,high,unacc,2
1707,low,low,5more,2,big,low,unacc,2
1708,low,low,5more,2,big,med,unacc,1
1709,low,low,5more,2,big,high,unacc,0
1710,low,low,5more,4,small,low,unacc,0
1711,low,low,5more,4,small,med,acc,2
1712,low,low,5more,4,small,high,good,3
1713,low,low,5more,4,med,low,unacc,2
1714,low,low,5more,4,med,med,good,2
1715,low,low,5more,4,med,high,vgood,2
1716,low,low,5more,4,big,low,unacc,2
1717,low,low,5more,4,big,med,good,2
1718,low,low,5more,4,big,high,vgood,0
1719,low,low,5more,more,small,low,unacc,3
1720,low,low,5more,more,small,med,acc,0
1721,low,low,5more,more,small,high,good,1
1722,low,low,5more,more,med,low,unacc,0
1723,low,low,5more,more,med,med,good,3
1724,low,low,5more,more,med,high,vgood,1
1725,low,low,5more,more,big,low,unacc,0
1726,low,low,5more,more,big,med,good,3
1727,low,low,5more,more,big,high,vgood,0
